Date,Artist,Title,Playlist,Position,Followers,Image_URL,Cover_Artist
2024-02-23,SZA,Saturn,Top 50 Australia,19,815744,,
2024-02-23,SZA,Saturn,New Music Friday AU & NZ,1,370765,https://i.scdn.co/image/ab67706f000000031ca8932a08b49c9aebc4669e,SZA
2024-02-23,SZA,Saturn,Hot Hits Australia,8,1401902,https://i.scdn.co/image/ab67706f00000003ea3f74df289fc1bfbba1a640,Selena Gomez
2024-02-23,SZA,Saturn,Breaking Hits,3,73071,https://i.scdn.co/image/ab67706f00000003684c5213a1a3bd9cb4bc6f07,KAROL G & Tiesto
2024-02-23,Selena Gomez,Love On,New Music Friday AU & NZ,2,370765,https://i.scdn.co/image/ab67706f000000031ca8932a08b49c9aebc4669e,SZA
2024-02-23,Selena Gomez,Love On,Hot Hits Australia,1,1401902,https://i.scdn.co/image/ab67706f00000003ea3f74df289fc1bfbba1a640,Selena Gomez
2024-02-23,Selena Gomez,Love On,Pop n' Fresh,1,120612,https://i.scdn.co/image/ab67706f0000000372a5f016cdc2b6009bc34590,Aleksiah
2024-02-23,Selena Gomez,Love On,Breaking Hits,1,73071,https://i.scdn.co/image/ab67706f00000003684c5213a1a3bd9cb4bc6f07,KAROL G & Tiesto
2024-02-23,Central Cee,I Will,New Music Friday AU & NZ,3,370765,https://i.scdn.co/image/ab67706f000000031ca8932a08b49c9aebc4669e,SZA
2024-02-23,Central Cee,I Will,A1,4,438451,https://i.scdn.co/image/ab67706f000000039937251c7cb219a8f9ae7305,Central Cee
2024-02-23,Central Cee,I Will,The Flavour,6,245664,https://i.scdn.co/image/ab67706f000000030c7899f3de0877f44ee9d965,Saweetie
2024-02-23,Central Cee,I Will,The Drip,5,89217,https://i.scdn.co/image/ab67706f00000003c4a20ab4a4114576167c0c37,JessB
2024-02-23,Central Cee,I Will,Breaking Hits,15,73071,https://i.scdn.co/image/ab67706f00000003684c5213a1a3bd9cb4bc6f07,KAROL G & Tiesto
2024-02-23,Nick Ward,Gimme,New Music Friday AU & NZ,4,370765,https://i.scdn.co/image/ab67706f000000031ca8932a08b49c9aebc4669e,SZA
2024-02-23,Nick Ward,Gimme,Front Left,36,564431,https://i.scdn.co/image/ab67706f00000003649831996ba8dc89611d58a2,Royel Otis
2024-02-23,Nick Ward,Gimme,Indie Arrivals,1,70704,https://i.scdn.co/image/ab67706f00000003ff68e1c984fe714cb2edd5b9,Nick Ward
2024-02-23,Bailey Zimmerman,Holy Smokes,New Music Friday AU & NZ,5,370765,https://i.scdn.co/image/ab67706f000000031ca8932a08b49c9aebc4669e,SZA
2024-02-23,Bailey Zimmerman,Holy Smokes,Fresh Country,5,379422,https://i.scdn.co/image/ab67706f00000003054c35bb8cebaae1f0b032ce,Beyonce
2024-02-23,Bailey Zimmerman,Holy Smokes,Breaking Hits,8,73071,https://i.scdn.co/image/ab67706f00000003684c5213a1a3bd9cb4bc6f07,KAROL G & Tiesto
2024-02-23,L.A.B.,Give Me That Feeling,New Music Friday AU & NZ,6,370765,https://i.scdn.co/image/ab67706f000000031ca8932a08b49c9aebc4669e,SZA
2024-02-23,L.A.B.,Give Me That Feeling,Coffee + Chill,7,542477,,
2024-02-23,"Free Nationals, A$AP Rocky, Anderson .Paak",Gangsta,New Music Friday AU & NZ,7,370765,https://i.scdn.co/image/ab67706f000000031ca8932a08b49c9aebc4669e,SZA
2024-02-23,"Free Nationals, A$AP Rocky, Anderson .Paak",Gangsta,A1,13,438451,https://i.scdn.co/image/ab67706f000000039937251c7cb219a8f9ae7305,Central Cee
2024-02-23,"Free Nationals, A$AP Rocky, Anderson .Paak",Gangsta,The Drip,3,89217,https://i.scdn.co/image/ab67706f00000003c4a20ab4a4114576167c0c37,JessB
2024-02-23,"Free Nationals, A$AP Rocky, Anderson .Paak",Gangsta,the hybrid,2,26951,https://i.scdn.co/image/ab67706f0000000359400a6ff9489083e71f5074,Miles Nautu
2024-02-23,Kings of Leon,Mustang,New Music Friday AU & NZ,8,370765,https://i.scdn.co/image/ab67706f000000031ca8932a08b49c9aebc4669e,SZA
2024-02-23,Kings of Leon,Mustang,Rock Out.,1,90337,https://i.scdn.co/image/ab67706f00000003a7246d1c7bcf98801455109d,Kings Of Leon
2024-02-23,Missy Higgins,You Should Run,New Music Friday AU & NZ,9,370765,https://i.scdn.co/image/ab67706f000000031ca8932a08b49c9aebc4669e,SZA
2024-02-23,Justin Timberlake,Drown,New Music Friday AU & NZ,10,370765,https://i.scdn.co/image/ab67706f000000031ca8932a08b49c9aebc4669e,SZA
2024-02-23,Justin Timberlake,Drown,Pop n' Fresh,7,120612,https://i.scdn.co/image/ab67706f0000000372a5f016cdc2b6009bc34590,Aleksiah
2024-02-23,LE SSERAFIM,EASY,New Music Friday AU & NZ,11,370765,https://i.scdn.co/image/ab67706f000000031ca8932a08b49c9aebc4669e,SZA
2024-02-23,JessB,Come Find Me,New Music Friday AU & NZ,12,370765,https://i.scdn.co/image/ab67706f000000031ca8932a08b49c9aebc4669e,SZA
2024-02-23,JessB,Come Find Me,The Flavour,9,245664,https://i.scdn.co/image/ab67706f000000030c7899f3de0877f44ee9d965,Saweetie
2024-02-23,JessB,Come Find Me,The Drip,4,89217,https://i.scdn.co/image/ab67706f00000003c4a20ab4a4114576167c0c37,JessB
2024-02-23,Jessie Murph,Son of a Bitch,New Music Friday AU & NZ,13,370765,https://i.scdn.co/image/ab67706f000000031ca8932a08b49c9aebc4669e,SZA
2024-02-23,Jessie Murph,Son of a Bitch,Fresh Country,4,379422,https://i.scdn.co/image/ab67706f00000003054c35bb8cebaae1f0b032ce,Beyonce
2024-02-23,"Vv Pete, Mixtape Madness, UTILITY",Next Up Australia - S1-E7,New Music Friday AU & NZ,14,370765,https://i.scdn.co/image/ab67706f000000031ca8932a08b49c9aebc4669e,SZA
2024-02-23,"Vv Pete, Mixtape Madness, UTILITY",Next Up Australia - S1-E7,A1,20,438451,https://i.scdn.co/image/ab67706f000000039937251c7cb219a8f9ae7305,Central Cee
2024-02-23,"Vv Pete, Mixtape Madness, UTILITY",Next Up Australia - S1-E7,Indie Arrivals,27,70704,https://i.scdn.co/image/ab67706f00000003ff68e1c984fe714cb2edd5b9,Nick Ward
2024-02-23,"Vv Pete, Mixtape Madness, UTILITY",Next Up Australia - S1-E7,The Drip,11,89217,https://i.scdn.co/image/ab67706f00000003c4a20ab4a4114576167c0c37,JessB
2024-02-23,Bleachers,Me Before You,New Music Friday AU & NZ,15,370765,https://i.scdn.co/image/ab67706f000000031ca8932a08b49c9aebc4669e,SZA
2024-02-23,Bleachers,Me Before You,Front Left,7,564431,https://i.scdn.co/image/ab67706f00000003649831996ba8dc89611d58a2,Royel Otis
2024-02-23,Bleachers,Me Before You,Indie Arrivals,4,70704,https://i.scdn.co/image/ab67706f00000003ff68e1c984fe714cb2edd5b9,Nick Ward
2024-02-23,Bleachers,Me Before You,Alt Here,1,47676,https://i.scdn.co/image/ab67706f00000003ca321816d4361582042dfa81,Bleachers
2024-02-23,aleksiah,24,New Music Friday AU & NZ,16,370765,https://i.scdn.co/image/ab67706f000000031ca8932a08b49c9aebc4669e,SZA
2024-02-23,aleksiah,24,Front Left,47,564431,https://i.scdn.co/image/ab67706f00000003649831996ba8dc89611d58a2,Royel Otis
2024-02-23,aleksiah,24,Pop n' Fresh,2,120612,https://i.scdn.co/image/ab67706f0000000372a5f016cdc2b6009bc34590,Aleksiah
2024-02-23,aleksiah,24,Indie Arrivals,2,70704,https://i.scdn.co/image/ab67706f00000003ff68e1c984fe714cb2edd5b9,Nick Ward
2024-02-23,"Guy Sebastian, Sam Fischer",Antidote (feat. Sam Fischer),New Music Friday AU & NZ,17,370765,https://i.scdn.co/image/ab67706f000000031ca8932a08b49c9aebc4669e,SZA
2024-02-23,"Guy Sebastian, Sam Fischer",Antidote (feat. Sam Fischer),Pop n' Fresh,8,120612,https://i.scdn.co/image/ab67706f0000000372a5f016cdc2b6009bc34590,Aleksiah
2024-02-23,Lil Durk,Old Days,New Music Friday AU & NZ,18,370765,https://i.scdn.co/image/ab67706f000000031ca8932a08b49c9aebc4669e,SZA
2024-02-23,Lil Durk,Old Days,A1,7,438451,https://i.scdn.co/image/ab67706f000000039937251c7cb219a8f9ae7305,Central Cee
2024-02-23,Lil Durk,Old Days,The Drip,7,89217,https://i.scdn.co/image/ab67706f00000003c4a20ab4a4114576167c0c37,JessB
2024-02-23,A.GIRL,Type Of Feeling,New Music Friday AU & NZ,19,370765,https://i.scdn.co/image/ab67706f000000031ca8932a08b49c9aebc4669e,SZA
2024-02-23,A.GIRL,Type Of Feeling,R&B Connect,4,198379,https://i.scdn.co/image/ab67706f000000031873c18d49f70ac328def316,A.GIRL
2024-02-23,A.GIRL,Type Of Feeling,The Flavour,7,245664,https://i.scdn.co/image/ab67706f000000030c7899f3de0877f44ee9d965,Saweetie
2024-02-23,A.GIRL,Type Of Feeling,Indie Arrivals,16,70704,https://i.scdn.co/image/ab67706f00000003ff68e1c984fe714cb2edd5b9,Nick Ward
2024-02-23,Saweetie,Richtivities,New Music Friday AU & NZ,20,370765,https://i.scdn.co/image/ab67706f000000031ca8932a08b49c9aebc4669e,SZA
2024-02-23,Saweetie,Richtivities,A1,6,438451,https://i.scdn.co/image/ab67706f000000039937251c7cb219a8f9ae7305,Central Cee
2024-02-23,Saweetie,Richtivities,The Flavour,3,245664,https://i.scdn.co/image/ab67706f000000030c7899f3de0877f44ee9d965,Saweetie
2024-02-23,Saweetie,Richtivities,The Drip,10,89217,https://i.scdn.co/image/ab67706f00000003c4a20ab4a4114576167c0c37,JessB
2024-02-23,Logan,Wow,New Music Friday AU & NZ,21,370765,https://i.scdn.co/image/ab67706f000000031ca8932a08b49c9aebc4669e,SZA
2024-02-23,Logan,Wow,Front Left,35,564431,https://i.scdn.co/image/ab67706f00000003649831996ba8dc89611d58a2,Royel Otis
2024-02-23,Logan,Wow,Indie Arrivals,5,70704,https://i.scdn.co/image/ab67706f00000003ff68e1c984fe714cb2edd5b9,Nick Ward
2024-02-23,Kasabian,Call,New Music Friday AU & NZ,22,370765,https://i.scdn.co/image/ab67706f000000031ca8932a08b49c9aebc4669e,SZA
2024-02-23,Kasabian,Call,Rock Out.,4,90337,https://i.scdn.co/image/ab67706f00000003a7246d1c7bcf98801455109d,Kings Of Leon
2024-02-23,"French Montana, Kanye West, Westside Gunn",Where They At,New Music Friday AU & NZ,23,370765,https://i.scdn.co/image/ab67706f000000031ca8932a08b49c9aebc4669e,SZA
2024-02-23,"French Montana, Kanye West, Westside Gunn",Where They At,Beats n' Bars,11,95083,https://i.scdn.co/image/ab67706f000000037d15ed6ed6837217b59ca4e4,Schoolboy Q
2024-02-23,"French Montana, Kanye West, Westside Gunn",Where They At,The Drip,29,89217,https://i.scdn.co/image/ab67706f00000003c4a20ab4a4114576167c0c37,JessB
2024-02-23,Allday,Access,New Music Friday AU & NZ,24,370765,https://i.scdn.co/image/ab67706f000000031ca8932a08b49c9aebc4669e,SZA
2024-02-23,Allday,Access,The Drip,22,89217,https://i.scdn.co/image/ab67706f00000003c4a20ab4a4114576167c0c37,JessB
2024-02-23,Adekunle Gold,The Life I Chose,New Music Friday AU & NZ,25,370765,https://i.scdn.co/image/ab67706f000000031ca8932a08b49c9aebc4669e,SZA
2024-02-23,"MGMT, Christine and the Queens",Dancing In Babylon (feat. Christine and the Queens),New Music Friday AU & NZ,26,370765,https://i.scdn.co/image/ab67706f000000031ca8932a08b49c9aebc4669e,SZA
2024-02-23,"MGMT, Christine and the Queens",Dancing In Babylon (feat. Christine and the Queens),Alt Here,19,47676,https://i.scdn.co/image/ab67706f00000003ca321816d4361582042dfa81,Bleachers
2024-02-23,The Terrys,Tokyo,New Music Friday AU & NZ,27,370765,https://i.scdn.co/image/ab67706f000000031ca8932a08b49c9aebc4669e,SZA
2024-02-23,The Terrys,Tokyo,Front Left,13,564431,https://i.scdn.co/image/ab67706f00000003649831996ba8dc89611d58a2,Royel Otis
2024-02-23,The Terrys,Tokyo,Indie Arrivals,6,70704,https://i.scdn.co/image/ab67706f00000003ff68e1c984fe714cb2edd5b9,Nick Ward
2024-02-23,The Terrys,Tokyo,Rock Out.,11,90337,https://i.scdn.co/image/ab67706f00000003a7246d1c7bcf98801455109d,Kings Of Leon
2024-02-23,thatboykwame,anecdote,New Music Friday AU & NZ,28,370765,https://i.scdn.co/image/ab67706f000000031ca8932a08b49c9aebc4669e,SZA
2024-02-23,thatboykwame,anecdote,Indie Arrivals,31,70704,https://i.scdn.co/image/ab67706f00000003ff68e1c984fe714cb2edd5b9,Nick Ward
2024-02-23,thatboykwame,anecdote,The Drip,18,89217,https://i.scdn.co/image/ab67706f00000003c4a20ab4a4114576167c0c37,JessB
2024-02-23,thatboykwame,anecdote,the hybrid,7,26951,https://i.scdn.co/image/ab67706f0000000359400a6ff9489083e71f5074,Miles Nautu
2024-02-23,Stan Walker,Maori Ki Te Ao,New Music Friday AU & NZ,29,370765,https://i.scdn.co/image/ab67706f000000031ca8932a08b49c9aebc4669e,SZA
2024-02-23,Hockey Dad,Base Camp,New Music Friday AU & NZ,30,370765,https://i.scdn.co/image/ab67706f000000031ca8932a08b49c9aebc4669e,SZA
2024-02-23,Hockey Dad,Base Camp,Front Left,12,564431,https://i.scdn.co/image/ab67706f00000003649831996ba8dc89611d58a2,Royel Otis
2024-02-23,Hockey Dad,Base Camp,Indie Arrivals,7,70704,https://i.scdn.co/image/ab67706f00000003ff68e1c984fe714cb2edd5b9,Nick Ward
2024-02-23,Hockey Dad,Base Camp,Rock Out.,6,90337,https://i.scdn.co/image/ab67706f00000003a7246d1c7bcf98801455109d,Kings Of Leon
2024-02-23,Nemzzz,PTSD,New Music Friday AU & NZ,31,370765,https://i.scdn.co/image/ab67706f000000031ca8932a08b49c9aebc4669e,SZA
2024-02-23,Nemzzz,PTSD,A1,11,438451,https://i.scdn.co/image/ab67706f000000039937251c7cb219a8f9ae7305,Central Cee
2024-02-23,Nemzzz,PTSD,The Drip,17,89217,https://i.scdn.co/image/ab67706f00000003c4a20ab4a4114576167c0c37,JessB
2024-02-23,Khruangbin,May Ninth,New Music Friday AU & NZ,32,370765,https://i.scdn.co/image/ab67706f000000031ca8932a08b49c9aebc4669e,SZA
2024-02-23,Khruangbin,May Ninth,Front Left,6,564431,https://i.scdn.co/image/ab67706f00000003649831996ba8dc89611d58a2,Royel Otis
2024-02-23,Khruangbin,May Ninth,Indie Arrivals,3,70704,https://i.scdn.co/image/ab67706f00000003ff68e1c984fe714cb2edd5b9,Nick Ward
2024-02-23,Khruangbin,May Ninth,Alt Here,2,47676,https://i.scdn.co/image/ab67706f00000003ca321816d4361582042dfa81,Bleachers
2024-02-23,"EARTHGANG, Spillage Village",OSMOSIS,New Music Friday AU & NZ,33,370765,https://i.scdn.co/image/ab67706f000000031ca8932a08b49c9aebc4669e,SZA
2024-02-23,"EARTHGANG, Spillage Village",OSMOSIS,Indie Arrivals,30,70704,https://i.scdn.co/image/ab67706f00000003ff68e1c984fe714cb2edd5b9,Nick Ward
2024-02-23,"EARTHGANG, Spillage Village",OSMOSIS,the hybrid,6,26951,https://i.scdn.co/image/ab67706f0000000359400a6ff9489083e71f5074,Miles Nautu
2024-02-23,Hollow Coves,See You Soon,New Music Friday AU & NZ,34,370765,https://i.scdn.co/image/ab67706f000000031ca8932a08b49c9aebc4669e,SZA
2024-02-23,Hollow Coves,See You Soon,Indie Arrivals,23,70704,https://i.scdn.co/image/ab67706f00000003ff68e1c984fe714cb2edd5b9,Nick Ward
2024-02-23,Hollow Coves,See You Soon,Coffee + Chill,5,542477,,
2024-02-23,Kaylee Bell,Where Were You,New Music Friday AU & NZ,35,370765,https://i.scdn.co/image/ab67706f000000031ca8932a08b49c9aebc4669e,SZA
2024-02-23,Kaylee Bell,Where Were You,Fresh Country,14,379422,https://i.scdn.co/image/ab67706f00000003054c35bb8cebaae1f0b032ce,Beyonce
2024-02-23,Emma Donovan,Til My Song is Done,New Music Friday AU & NZ,36,370765,https://i.scdn.co/image/ab67706f000000031ca8932a08b49c9aebc4669e,SZA
2024-02-23,Emma Donovan,Til My Song is Done,Indie Arrivals,18,70704,https://i.scdn.co/image/ab67706f00000003ff68e1c984fe714cb2edd5b9,Nick Ward
2024-02-23,Real Estate,Flowers,New Music Friday AU & NZ,37,370765,https://i.scdn.co/image/ab67706f000000031ca8932a08b49c9aebc4669e,SZA
2024-02-23,Real Estate,Flowers,Front Left,46,564431,https://i.scdn.co/image/ab67706f00000003649831996ba8dc89611d58a2,Royel Otis
2024-02-23,Real Estate,Flowers,Indie Arrivals,22,70704,https://i.scdn.co/image/ab67706f00000003ff68e1c984fe714cb2edd5b9,Nick Ward
2024-02-23,Real Estate,Flowers,Alt Here,3,47676,https://i.scdn.co/image/ab67706f00000003ca321816d4361582042dfa81,Bleachers
2024-02-23,"Curtis Cole, Mkada",I'm So Lit,New Music Friday AU & NZ,38,370765,https://i.scdn.co/image/ab67706f000000031ca8932a08b49c9aebc4669e,SZA
2024-02-23,"Curtis Cole, Mkada",I'm So Lit,Beats n' Bars,15,95083,https://i.scdn.co/image/ab67706f000000037d15ed6ed6837217b59ca4e4,Schoolboy Q
2024-02-23,"Curtis Cole, Mkada",I'm So Lit,The Drip,2,89217,https://i.scdn.co/image/ab67706f00000003c4a20ab4a4114576167c0c37,JessB
2024-02-23,CXLOE,No Service,New Music Friday AU & NZ,39,370765,https://i.scdn.co/image/ab67706f000000031ca8932a08b49c9aebc4669e,SZA
2024-02-23,CXLOE,No Service,Pop n' Fresh,6,120612,https://i.scdn.co/image/ab67706f0000000372a5f016cdc2b6009bc34590,Aleksiah
2024-02-23,mgk,dont let me go,New Music Friday AU & NZ,40,370765,https://i.scdn.co/image/ab67706f000000031ca8932a08b49c9aebc4669e,SZA
2024-02-23,Erika de Casier,Test It,New Music Friday AU & NZ,41,370765,https://i.scdn.co/image/ab67706f000000031ca8932a08b49c9aebc4669e,SZA
2024-02-23,Erika de Casier,Test It,Front Left,19,564431,https://i.scdn.co/image/ab67706f00000003649831996ba8dc89611d58a2,Royel Otis
2024-02-23,Erika de Casier,Test It,Indie Arrivals,10,70704,https://i.scdn.co/image/ab67706f00000003ff68e1c984fe714cb2edd5b9,Nick Ward
2024-02-23,"SiR, Isaiah Rashad",Karma,New Music Friday AU & NZ,42,370765,https://i.scdn.co/image/ab67706f000000031ca8932a08b49c9aebc4669e,SZA
2024-02-23,"SiR, Isaiah Rashad",Karma,R&B Connect,5,198379,https://i.scdn.co/image/ab67706f000000031873c18d49f70ac328def316,A.GIRL
2024-02-23,LF SYSTEM,All I've Got,New Music Friday AU & NZ,43,370765,https://i.scdn.co/image/ab67706f000000031ca8932a08b49c9aebc4669e,SZA
2024-02-23,Bugzy Malone,Ladies,New Music Friday AU & NZ,44,370765,https://i.scdn.co/image/ab67706f000000031ca8932a08b49c9aebc4669e,SZA
2024-02-23,Bugzy Malone,Ladies,The Drip,12,89217,https://i.scdn.co/image/ab67706f00000003c4a20ab4a4114576167c0c37,JessB
2024-02-23,"Rudimental, Skepsis, Charlotte Plank, Riko Dan",Green & Gold (feat. Charlotte Plank & Riko Dan),New Music Friday AU & NZ,45,370765,https://i.scdn.co/image/ab67706f000000031ca8932a08b49c9aebc4669e,SZA
2024-02-23,"Rudimental, Skepsis, Charlotte Plank, Riko Dan",Green & Gold (feat. Charlotte Plank & Riko Dan),New Dance Beats,30,139690,https://i.scdn.co/image/ab67706f00000003543c1e3fb9aee7db619d1dff,"Effy, Mall Grab"
2024-02-23,YNG Martyr,SUPERBAD,New Music Friday AU & NZ,46,370765,https://i.scdn.co/image/ab67706f000000031ca8932a08b49c9aebc4669e,SZA
2024-02-23,YNG Martyr,SUPERBAD,The Drip,37,89217,https://i.scdn.co/image/ab67706f00000003c4a20ab4a4114576167c0c37,JessB
2024-02-23,"Elley Duhé, Whethan",MONEY ON THE DASH,New Music Friday AU & NZ,47,370765,https://i.scdn.co/image/ab67706f000000031ca8932a08b49c9aebc4669e,SZA
2024-02-23,"Elley Duhé, Whethan",MONEY ON THE DASH,Dance Generation,9,411049,https://i.scdn.co/image/ab67706f00000003924d4d3256740f1454caff57,BENNETT
2024-02-23,"Elley Duhé, Whethan",MONEY ON THE DASH,New Dance Beats,2,139690,https://i.scdn.co/image/ab67706f00000003543c1e3fb9aee7db619d1dff,"Effy, Mall Grab"
2024-02-23,BADASSMUTHA,Crocs,New Music Friday AU & NZ,48,370765,https://i.scdn.co/image/ab67706f000000031ca8932a08b49c9aebc4669e,SZA
2024-02-23,"Timmy Trumpet, Captain Curtis",Just A Kid,New Music Friday AU & NZ,49,370765,https://i.scdn.co/image/ab67706f000000031ca8932a08b49c9aebc4669e,SZA
2024-02-23,"Timmy Trumpet, Captain Curtis",Just A Kid,New Dance Beats,12,139690,https://i.scdn.co/image/ab67706f00000003543c1e3fb9aee7db619d1dff,"Effy, Mall Grab"
2024-02-23,GROUPLOVE,Chances,New Music Friday AU & NZ,50,370765,https://i.scdn.co/image/ab67706f000000031ca8932a08b49c9aebc4669e,SZA
2024-02-23,IU,Shopper,New Music Friday AU & NZ,51,370765,https://i.scdn.co/image/ab67706f000000031ca8932a08b49c9aebc4669e,SZA
2024-02-23,Donny Benét,Forbidden Love,New Music Friday AU & NZ,52,370765,https://i.scdn.co/image/ab67706f000000031ca8932a08b49c9aebc4669e,SZA
2024-02-23,Donny Benét,Forbidden Love,Front Left,32,564431,https://i.scdn.co/image/ab67706f00000003649831996ba8dc89611d58a2,Royel Otis
2024-02-23,Donny Benét,Forbidden Love,Indie Arrivals,14,70704,https://i.scdn.co/image/ab67706f00000003ff68e1c984fe714cb2edd5b9,Nick Ward
2024-02-23,Miles Nautu,Third Eye Chakra,New Music Friday AU & NZ,53,370765,https://i.scdn.co/image/ab67706f000000031ca8932a08b49c9aebc4669e,SZA
2024-02-23,Miles Nautu,Third Eye Chakra,The Drip,13,89217,https://i.scdn.co/image/ab67706f00000003c4a20ab4a4114576167c0c37,JessB
2024-02-23,Miles Nautu,Third Eye Chakra,the hybrid,3,26951,https://i.scdn.co/image/ab67706f0000000359400a6ff9489083e71f5074,Miles Nautu
2024-02-23,Tora,Jigglypuff,New Music Friday AU & NZ,54,370765,https://i.scdn.co/image/ab67706f000000031ca8932a08b49c9aebc4669e,SZA
2024-02-23,Tora,Jigglypuff,New Dance Beats,32,139690,https://i.scdn.co/image/ab67706f00000003543c1e3fb9aee7db619d1dff,"Effy, Mall Grab"
2024-02-23,"Bullion, Panda Bear",A City’s Never,New Music Friday AU & NZ,55,370765,https://i.scdn.co/image/ab67706f000000031ca8932a08b49c9aebc4669e,SZA
2024-02-23,"Bullion, Panda Bear",A City’s Never,Indie Arrivals,32,70704,https://i.scdn.co/image/ab67706f00000003ff68e1c984fe714cb2edd5b9,Nick Ward
2024-02-23,"Bullion, Panda Bear",A City’s Never,Alt Here,18,47676,https://i.scdn.co/image/ab67706f00000003ca321816d4361582042dfa81,Bleachers
2024-02-23,Lady Shaka,E Tu,New Music Friday AU & NZ,56,370765,https://i.scdn.co/image/ab67706f000000031ca8932a08b49c9aebc4669e,SZA
2024-02-23,Lady Shaka,E Tu,New Dance Beats,17,139690,https://i.scdn.co/image/ab67706f00000003543c1e3fb9aee7db619d1dff,"Effy, Mall Grab"
2024-02-23,Mason Dane,FALLING,New Music Friday AU & NZ,57,370765,https://i.scdn.co/image/ab67706f000000031ca8932a08b49c9aebc4669e,SZA
2024-02-23,Mason Dane,FALLING,The Drip,34,89217,https://i.scdn.co/image/ab67706f00000003c4a20ab4a4114576167c0c37,JessB
2024-02-23,"Lepani, Tamillia",Antidote,New Music Friday AU & NZ,58,370765,https://i.scdn.co/image/ab67706f000000031ca8932a08b49c9aebc4669e,SZA
2024-02-23,Norah Jones,Staring at the Wall,New Music Friday AU & NZ,59,370765,https://i.scdn.co/image/ab67706f000000031ca8932a08b49c9aebc4669e,SZA
2024-02-23,Mia Dyson,Dare,New Music Friday AU & NZ,60,370765,https://i.scdn.co/image/ab67706f000000031ca8932a08b49c9aebc4669e,SZA
2024-02-23,Mia Dyson,Dare,Indie Arrivals,21,70704,https://i.scdn.co/image/ab67706f00000003ff68e1c984fe714cb2edd5b9,Nick Ward
2024-02-23,Catfish and the Bottlemen,Showtime,New Music Friday AU & NZ,61,370765,https://i.scdn.co/image/ab67706f000000031ca8932a08b49c9aebc4669e,SZA
2024-02-23,Catfish and the Bottlemen,Showtime,Rock Out.,12,90337,https://i.scdn.co/image/ab67706f00000003a7246d1c7bcf98801455109d,Kings Of Leon
2024-02-23,Novo Amor,"Same Day, Same Face",New Music Friday AU & NZ,62,370765,https://i.scdn.co/image/ab67706f000000031ca8932a08b49c9aebc4669e,SZA
2024-02-23,Novo Amor,"Same Day, Same Face",Indie Arrivals,41,70704,https://i.scdn.co/image/ab67706f00000003ff68e1c984fe714cb2edd5b9,Nick Ward
2024-02-23,"Church & AP, deadforest",POSTAL,New Music Friday AU & NZ,63,370765,https://i.scdn.co/image/ab67706f000000031ca8932a08b49c9aebc4669e,SZA
2024-02-23,KYE,NOW COME ON NOW,New Music Friday AU & NZ,64,370765,https://i.scdn.co/image/ab67706f000000031ca8932a08b49c9aebc4669e,SZA
2024-02-23,"SXMPRA, Jasiah",UNTAMED (feat. Jasiah),New Music Friday AU & NZ,65,370765,https://i.scdn.co/image/ab67706f000000031ca8932a08b49c9aebc4669e,SZA
2024-02-23,Girl and Girl,Hello,New Music Friday AU & NZ,66,370765,https://i.scdn.co/image/ab67706f000000031ca8932a08b49c9aebc4669e,SZA
2024-02-23,Girl and Girl,Hello,Indie Arrivals,33,70704,https://i.scdn.co/image/ab67706f00000003ff68e1c984fe714cb2edd5b9,Nick Ward
2024-02-23,Adrianne Lenker,Fool,New Music Friday AU & NZ,67,370765,https://i.scdn.co/image/ab67706f000000031ca8932a08b49c9aebc4669e,SZA
2024-02-23,Adrianne Lenker,Fool,Indie Arrivals,34,70704,https://i.scdn.co/image/ab67706f00000003ff68e1c984fe714cb2edd5b9,Nick Ward
2024-02-23,Jaguar Jonze,whiplash,New Music Friday AU & NZ,68,370765,https://i.scdn.co/image/ab67706f000000031ca8932a08b49c9aebc4669e,SZA
2024-02-23,Jaguar Jonze,whiplash,Indie Arrivals,42,70704,https://i.scdn.co/image/ab67706f00000003ff68e1c984fe714cb2edd5b9,Nick Ward
2024-02-23,Charlotte Day Wilson,I Don't Love You,New Music Friday AU & NZ,69,370765,https://i.scdn.co/image/ab67706f000000031ca8932a08b49c9aebc4669e,SZA
2024-02-23,Charlotte Day Wilson,I Don't Love You,Indie Arrivals,40,70704,https://i.scdn.co/image/ab67706f00000003ff68e1c984fe714cb2edd5b9,Nick Ward
2024-02-23,glaive,god is dead,New Music Friday AU & NZ,70,370765,https://i.scdn.co/image/ab67706f000000031ca8932a08b49c9aebc4669e,SZA
2024-02-23,"Hands Like Houses, Emmy Mack",BLOODRUSH,New Music Friday AU & NZ,71,370765,https://i.scdn.co/image/ab67706f000000031ca8932a08b49c9aebc4669e,SZA
2024-02-23,"Hands Like Houses, Emmy Mack",BLOODRUSH,Rock Out.,15,90337,https://i.scdn.co/image/ab67706f00000003a7246d1c7bcf98801455109d,Kings Of Leon
2024-02-23,Glass Beams,Mahal - Edit,New Music Friday AU & NZ,72,370765,https://i.scdn.co/image/ab67706f000000031ca8932a08b49c9aebc4669e,SZA
2024-02-23,Glass Beams,Mahal - Edit,Indie Arrivals,13,70704,https://i.scdn.co/image/ab67706f00000003ff68e1c984fe714cb2edd5b9,Nick Ward
2024-02-23,0800,TRIPLE IT,New Music Friday AU & NZ,73,370765,https://i.scdn.co/image/ab67706f000000031ca8932a08b49c9aebc4669e,SZA
2024-02-23,0800,TRIPLE IT,Beats n' Bars,14,95083,https://i.scdn.co/image/ab67706f000000037d15ed6ed6837217b59ca4e4,Schoolboy Q
2024-02-23,0800,TRIPLE IT,the hybrid,9,26951,https://i.scdn.co/image/ab67706f0000000359400a6ff9489083e71f5074,Miles Nautu
2024-02-23,"Riley Pearce, Liang Lawrence",Indefinitely,New Music Friday AU & NZ,74,370765,https://i.scdn.co/image/ab67706f000000031ca8932a08b49c9aebc4669e,SZA
2024-02-23,"Riley Pearce, Liang Lawrence",Indefinitely,Coffee + Chill,13,542477,,
2024-02-23,Merryn Jeann,THANK GOD! FOR ASTROLOGY!,New Music Friday AU & NZ,75,370765,https://i.scdn.co/image/ab67706f000000031ca8932a08b49c9aebc4669e,SZA
2024-02-23,"Bombay Bicycle Club, Rae Morris",Better Now (feat. Rae Morris),New Music Friday AU & NZ,76,370765,https://i.scdn.co/image/ab67706f000000031ca8932a08b49c9aebc4669e,SZA
2024-02-23,"Bombay Bicycle Club, Rae Morris",Better Now (feat. Rae Morris),Rock Out.,16,90337,https://i.scdn.co/image/ab67706f00000003a7246d1c7bcf98801455109d,Kings Of Leon
2024-02-23,Last Dinosaurs,Keys To Your Civic,New Music Friday AU & NZ,77,370765,https://i.scdn.co/image/ab67706f000000031ca8932a08b49c9aebc4669e,SZA
2024-02-23,Xavier Rudd,World Order - Part 1,New Music Friday AU & NZ,78,370765,https://i.scdn.co/image/ab67706f000000031ca8932a08b49c9aebc4669e,SZA
2024-02-23,Julia Pośnik,Every Single Person I Know,New Music Friday AU & NZ,79,370765,https://i.scdn.co/image/ab67706f000000031ca8932a08b49c9aebc4669e,SZA
2024-02-23,ShockOne,Alone,New Music Friday AU & NZ,80,370765,https://i.scdn.co/image/ab67706f000000031ca8932a08b49c9aebc4669e,SZA
2024-02-23,"Sara James, LOVA",Blue ft. LOVA,New Music Friday AU & NZ,81,370765,https://i.scdn.co/image/ab67706f000000031ca8932a08b49c9aebc4669e,SZA
2024-02-23,"Sara James, LOVA",Blue ft. LOVA,Pop n' Fresh,33,120612,https://i.scdn.co/image/ab67706f0000000372a5f016cdc2b6009bc34590,Aleksiah
2024-02-23,Lil Spacely,Win,New Music Friday AU & NZ,82,370765,https://i.scdn.co/image/ab67706f000000031ca8932a08b49c9aebc4669e,SZA
2024-02-23,Lil Spacely,Win,The Drip,9,89217,https://i.scdn.co/image/ab67706f00000003c4a20ab4a4114576167c0c37,JessB
2024-02-23,THE BLSSM,sway,New Music Friday AU & NZ,83,370765,https://i.scdn.co/image/ab67706f000000031ca8932a08b49c9aebc4669e,SZA
2024-02-23,THE BLSSM,sway,Indie Arrivals,35,70704,https://i.scdn.co/image/ab67706f00000003ff68e1c984fe714cb2edd5b9,Nick Ward
2024-02-23,Husky,How to Forget,New Music Friday AU & NZ,84,370765,https://i.scdn.co/image/ab67706f000000031ca8932a08b49c9aebc4669e,SZA
2024-02-23,Husky,How to Forget,Coffee + Chill,20,542477,,
